{
    "name": "GTU OS", 
    "provided by": "Mehmet Hayrullah Ozkul", 
    "size": "24", 
    "defaultPath": "", 
    "currentPath": "os/", 
    "os": {
        "id": "25262323662", 
        "name": "os", 
        "path": "os/", 
        "type": "directory", 
        "last_modified": "2024-01-13.21:48:27", 
        "size": "24", 
        "/": {
            "42632314394": {
                "id": "42632314394", 
                "name": "hello.txt", 
                "last_modified": "2024-01-13.21:56:25", 
                "size": "12", 
                "type": "regular", 
                "content_file": "44235256262.txt", 
                "extension": ".txt"
            }, 
            "hey": {
                "id": "63355789376", 
                "name": "hey", 
                "path": "os/hey/", 
                "type": "dir", 
                "last_modified": "2024-01-13.21:34:10", 
                "size": "12", 
                "/": {
                    "97211194477": {
                        "id": "97211194477", 
                        "name": "hello2.txt", 
                        "path": "os/hey/hello2.txt", 
                        "type": "regular", 
                        "last_modified": "2024-01-13.23:21:22", 
                        "size": "12"
                    }
                }
            }
        }
    }
}